{
    "success": true,
    "data": {
      "summary": {
        "total": 43119112,
        "confirmedCasesIndian": 43119064,
        "confirmedCasesForeign": 48,
        "discharged": 42576815,
        "deaths": 524201,
        "confirmedButLocationUnidentified": 0
      },
      "unofficial-summary": [
        {
          "source": "covid19india.org",
          "total": 7945975,
          "recovered": 7198877,
          "deaths": 119538,
          "active": 626192
        }
      ],
      "regional": [
        {
          "loc": "Andaman and Nicobar Islands",
          "confirmedCasesIndian": 10039,
          "confirmedCasesForeign": 0,
          "discharged": 9907,
          "deaths": 129,
          "totalConfirmed": 10039,
          "id":"AN"
        },
        {
          "loc": "Andhra Pradesh",
          "confirmedCasesIndian": 2319797,
          "confirmedCasesForeign": 0,
          "discharged": 2304995,
          "deaths": 14730,
          "totalConfirmed": 2319797,
          "id":"AP"
        },
        {
          "loc": "Arunachal Pradesh",
          "confirmedCasesIndian": 64503,
          "confirmedCasesForeign": 0,
          "discharged": 64203,
          "deaths": 296,
          "totalConfirmed": 64503,
          "id":"AR"
        },
        {
          "loc": "Assam",
          "confirmedCasesIndian": 724220,
          "confirmedCasesForeign": 0,
          "discharged": 716232,
          "deaths": 7986,
          "totalConfirmed": 724220,
          "id":"AS"
        },
        {
          "loc": "Bihar",
          "confirmedCasesIndian": 830653,
          "confirmedCasesForeign": 0,
          "discharged": 818348,
          "deaths": 12256,
          "totalConfirmed": 830653,
          "id":"BR"
        },
        {
          "loc": "Chandigarh",
          "confirmedCasesIndian": 92208,
          "confirmedCasesForeign": 0,
          "discharged": 90959,
          "deaths": 1165,
          "totalConfirmed": 92208,
          "id": "CH"
        },
        {
          "loc": "Chhattisgarh",
          "confirmedCasesIndian": 1152333,
          "confirmedCasesForeign": 0,
          "discharged": 1138271,
          "id": "CT",

          "deaths": 14034,
          "totalConfirmed": 1152333
        },
        {
          "loc": "Dadra and Nagar Haveli",
          "confirmedCasesIndian": 11441,
          "confirmedCasesForeign": 0,
          "discharged": 11437,
          "deaths": 4,
          "totalConfirmed": 11441,
           "id": "DN"
        },
        {
          "loc": "Delhi",
          "confirmedCasesIndian": 1899071,
          "confirmedCasesForeign": 1,
          "discharged": 1868543,
          "deaths": 26188,
          "id": "DL",

          "totalConfirmed": 1899072
        },
        {
          "loc": "Goa",
          "confirmedCasesIndian": 245547,
          "confirmedCasesForeign": 1,
          "discharged": 241649,
          "deaths": 3832,
          "totalConfirmed": 245548,
          "id": "GA"
        },
        {
          "loc": "Gujarat",
          "confirmedCasesIndian": 1224656,
          "confirmedCasesForeign": 1,
          "discharged": 1213502,
          "deaths": 10944,
          "id": "GJ",

          "totalConfirmed": 1224657
        },
        {
          "loc": "Haryana",
          "confirmedCasesIndian": 998538,
          "confirmedCasesForeign": 14,
          "discharged": 985996,
          "deaths": 10621,
          "totalConfirmed": 998552,
          "id": "HR"
        },
        {
          "loc": "Himachal Pradesh",
          "confirmedCasesIndian": 284926,
          "confirmedCasesForeign": 0,
          "discharged": 280721,
          "deaths": 4136,
          "totalConfirmed": 284926,
          "id": "HP"
        },
        {
          "loc": "Jammu and Kashmir",
          "confirmedCasesIndian": 454131,
          "confirmedCasesForeign": 0,
          "discharged": 449325,
          "deaths": 4751,
          "totalConfirmed": 454131,
          "id": "JK"
        },
        {
          "loc": "Jharkhand",
          "confirmedCasesIndian": 435289,
          "confirmedCasesForeign": 0,
          "discharged": 429933,
          "deaths": 5318,
          "totalConfirmed": 435289,
          "id": "JH"
        },
        {
          "loc": "Karnataka",
          "confirmedCasesIndian": 3949446,
          "confirmedCasesForeign": 0,
          "discharged": 3907480,
          "deaths": 40105,
          "id": "KA",
          "totalConfirmed": 3949446
        },
        {
          "loc": "Kerala***",
          "confirmedCasesIndian": 6546235,
          "confirmedCasesForeign": 0,
          "discharged": 6473557,
          "deaths": 69355,
          "id": "KL",

          "totalConfirmed": 6546235
        },
        
        {
          "loc": "Lakshadweep",
          "confirmedCasesIndian": 11402,
          "confirmedCasesForeign": 0,
          "discharged": 11350,
          "deaths": 52,
          "id": "LD",

          "totalConfirmed": 11402
        },
        {
          "loc": "Madhya Pradesh",
          "confirmedCasesIndian": 1041867,
          "confirmedCasesForeign": 0,
          "discharged": 1030900,
          "id": "MP",

          "deaths": 10735,
          "totalConfirmed": 1041867
        },
        {
          "loc": "Maharashtra",
          "confirmedCasesIndian": 7880334,
          "confirmedCasesForeign": 3,
          "discharged": 7731029,
          "id": "MH",

          "deaths": 147853,
          "totalConfirmed": 7880337
        },
        {
          "loc": "Manipur",
          "confirmedCasesIndian": 137230,
          "confirmedCasesForeign": 0,
          "discharged": 135102,
          "id": "MN",

          "deaths": 2120,
          "totalConfirmed": 137230
        },
        {
          "loc": "Meghalaya",
          "confirmedCasesIndian": 93819,
          "confirmedCasesForeign": 0,
          "discharged": 92213,
          "id": "ML",

          "deaths": 1593,
          "totalConfirmed": 93819
        },
        {
          "loc": "Mizoram",
          "confirmedCasesIndian": 227962,
          "confirmedCasesForeign": 0,
          "discharged": 227005,
          "id": "MZ",

          "deaths": 697,
          "totalConfirmed": 227962
        },
        {
          "loc": "Nagaland",
          "confirmedCasesIndian": 35492,
          "confirmedCasesForeign": 0,
          "discharged": 34731,
          "id": "NL",

          "deaths": 760,
          "totalConfirmed": 35492
        },
        {
          "loc": "Odisha",
          "confirmedCasesIndian": 1288272,
          "confirmedCasesForeign": 0,
          "discharged": 1278980,
          "deaths": 9126,
          "totalConfirmed": 1288272,
          "id": "OD"
        },
        {
          "loc": "Puducherry",
          "confirmedCasesIndian": 165806,
          "confirmedCasesForeign": 0,
          "discharged": 163832,
          "deaths": 1962,
          "totalConfirmed": 165806,
          "id":"PY"
        },
        {
          "loc": "Punjab",
          "confirmedCasesIndian": 760028,
          "confirmedCasesForeign": 0,
          "discharged": 742107,
          "deaths": 17751,
          "totalConfirmed": 760028,
          "id":"PB"
        },
        {
          "loc": "Rajasthan",
          "confirmedCasesIndian": 1284616,
          "confirmedCasesForeign": 2,
          "discharged": 1274448,
          "deaths": 9554,
          "totalConfirmed": 1284618,
          "id":"RJ"
        },
        {
          "loc": "Sikkim",
          "confirmedCasesIndian": 39161,
          "confirmedCasesForeign": 0,
          "discharged": 38702,
          "deaths": 452,
          "totalConfirmed": 39161,
          "id":"SK"
        },
        {
          "loc": "Tamil Nadu",
          "confirmedCasesIndian": 3454550,
          "confirmedCasesForeign": 6,
          "discharged": 3416107,
          "deaths": 38025,
          "totalConfirmed": 3454556,
          "id":"TN"
        },
        {
          "loc": "Telangana",
          "confirmedCasesIndian": 792526,
          "confirmedCasesForeign": 0,
          "discharged": 787997,
          "deaths": 4111,
          "totalConfirmed": 792526,
          "id": "TS"
        },
        {
          "loc": "Tripura",
          "confirmedCasesIndian": 100887,
          "confirmedCasesForeign": 0,
          "discharged": 99963,
          "deaths": 923,
          "totalConfirmed": 100887,
          "id": "TR"
        },
        {
          "loc": "Uttarakhand",
          "confirmedCasesIndian": 437673,
          "confirmedCasesForeign": 1,
          "discharged": 429504,
          "deaths": 7693,
          "totalConfirmed": 437674,
          "id": "UK"
        },
        {
          "loc": "Uttar Pradesh",
          "confirmedCasesIndian": 2077405,
          "confirmedCasesForeign": 1,
          "discharged": 2052615,
          "deaths": 23513,
          "totalConfirmed": 2077406,
           "id": "UP"
        },
        {
          "loc": "West Bengal",
          "confirmedCasesIndian": 2018763,
          "confirmedCasesForeign": 0,
          "discharged": 1997153,
          "deaths": 21203,
          "totalConfirmed": 2018763,
          "id": "WB"
        }
      ]
    },
    "lastRefreshed": "2022-05-14T03:47:21.111Z",
    "lastOriginUpdate": "2022-05-14T02:30:00.000Z"
  }